Date,Time,Description,Trigger,Inv kW Sum (kW),Load kW Sum (kW),Solar kW (kW),Ambient Temp (C),Solar Radiation (W/m2),Inv Exp kWh,Inv Imp kWh,Src A Exp kWh,Src A Imp kWh,Src B Exp kWh,Src B Imp kWh,Site kWh (calc),Batt Exp kWh,Batt Imp kWh,Solar kWh
,,,SrcA CB Waiting for Closed,,,,,,,,,,,,,,,
,,,Operation Auto Inverter Only,,,,,,,,,,,,,,,
,,,HMI_System_Off,,,,,,,,,,,,,,,
,,,Operation System Off,,,,,,,,,,,,,,,
,,,Operation System Off,,,,,,,,,,,,,,,
,,,Inv CB Waiting for Opened,,,,,,,,,,,,,,,
,,,SrcA CB Waiting for Opened,,,,,,,,,,,,,,,
,,,SrcA Cooling Down,,,,,,,,,,,,,,,
,,,HMI_Fault_Reset,,,,,,,,,,,,,,,
,,,HMI_Full_Auto,,,,,,,,,,,,,,,
,,,Operation Auto Inverter Only,,,,,,,,,,,,,,,
,,,Operation Auto Inverter Only,,,,,,,,,,,,,,,
,,,SrcA Startup,,,,,,,,,,,,,,,
,,,Inv CB Waiting for Closed,,,,,,,,,,,,,,,
,,,Inv Source Tracking,,,,,,,,,,,,,,,
,,,SrcA CB Waiting for Closed,,,,,,,,,,,,,,,
,,,Operation Auto Inverter Only,,,,,,,,,,,,,,,
,,,IN10 Digital Input Emergency Stop DSP,,,,,,,,,,,,,,,
,,,Operation System Off,,,,,,,,,,,,,,,
,,,Operation System Off,,,,,,,,,,,,,,,
,,,Inv CB Waiting for Opened,,,,,,,,,,,,,,,
,,,SrcA CB Waiting for Opened,,,,,,,,,,,,,,,
,,,SrcA Cooling Down,,,,,,,,,,,,,,,
,,,SP99 Solar MPPT Min Chg Amps,,,,,,,,,,,,,,,
,,,HMI_Manual_Inverter,,,,,,,,,,,,,,,
,,,HMI_Manual_Inverter,,,,,,,,,,,,,,,
,,,Inv CB Waiting for Closed,,,,,,,,,,,,,,,
,,,HMI_Full_Auto,,,,,,,,,,,,,,,
,,,Operation Auto Inverter Only,,,,,,,,,,,,,,,
,,,SrcA Startup,,,,,,,,,,,,,,,
,,,SP99 Solar MPPT Min Chg Amps,,,,,,,,,,,,,,,
,,,Inv Source Tracking,,,,,,,,,,,,,,,
,,,SrcA CB Waiting for Closed,,,,,,,,,,,,,,,
,,,Operation Auto Inverter Only,,,,,,,,,,,,,,,
,,,,,,,,,,,,,,,,,,
,,,Fault Action13,,,,,,,,,,,,,,,
,,,Operation Auto Parallel Source A,,,,,,,,,,,,,,,
,,,SrcA CB Waiting for Opened,,,,,,,,,,,,,,,
,,,SrcA Cooling Down,,,,,,,,,,,,,,,
,,,Operation Auto Inverter Only,,,,,,,,,,,,,,,
,,,SrcA Startup,,,,,,,,,,,,,,,
,,,Inv Source Tracking,,,,,,,,,,,,,,,
,,,SrcA CB Waiting for Closed,,,,,,,,,,,,,,,
,,,Operation Auto Inverter Only,,,,,,,,,,,,,,,
,,,,,,,,,,,,,,,,,,
,,,Fault Action13,,,,,,,,,,,,,,,
,,,Operation Auto Parallel Source A,,,,,,,,,,,,,,,
,,,SrcA CB Waiting for Opened,,,,,,,,,,,,,,,
,,,SrcA Cooling Down,,,,,,,,,,,,,,,
,,,Operation Auto Inverter Only,,,,,,,,,,,,,,,
,,,SrcA Startup,,,,,,,,,,,,,,,
,,,Inv Source Tracking,,,,,,,,,,,,,,,
,,,SrcA CB Waiting for Closed,,,,,,,,,,,,,,,
,,,Operation Auto Inverter Only,,,,,,,,,,,,,,,
,,,,,,,,,,,,,,,,,,
,,,Fault Action13,,,,,,,,,,,,,,,
,,,Inv Source Tracking,,,,,,,,,,,,,,,
,,,SrcA CB Waiting for Closed,,,,,,,,,,,,,,,
,,,Operation Auto Inverter Only,,,,,,,,,,,,,,,
,,,,,,,,,,,,,,,,,,
,,,Fault Action13,,,,,,,,,,,,,,,
,,,Operation Auto Parallel Source A,,,,,,,,,,,,,,,
,,,SrcA CB Waiting for Opened,,,,,,,,,,,,,,,
,,,SrcA Cooling Down,,,,,,,,,,,,,,,
,,,Operation Auto Inverter Only,,,,,,,,,,,,,,,
,,,SrcA Startup,,,,,,,,,,,,,,,
,,,Inv Source Tracking,,,,,,,,,,,,,,,
,,,SrcA CB Waiting for Closed,,,,,,,,,,,,,,,
,,,Operation Auto Inverter Only,,,,,,,,,,,,,,,
,,,,,,,,,,,,,,,,,,
,,,Fault Action13,,,,,,,,,,,,,,,
,,,Operation Auto Parallel Source A,,,,,,,,,,,,,,,
,,,SrcA CB Waiting for Opened,,,,,,,,,,,,,,,
,,,SrcA Cooling Down,,,,,,,,,,,,,,,
,,,Operation Auto Inverter Only,,,,,,,,,,,,,,,
,,,SrcA Startup,,,,,,,,,,,,,,,
,,,Inv Source Tracking,,,,,,,,,,,,,,,
,,,SrcA CB Waiting for Closed,,,,,,,,,,,,,,,
,,,Operation Auto Inverter Only,,,,,,,,,,,,,,,
,,,,,,,,,,,,,,,,,,
,,,Fault Action13,,,,,,,,,,,,,,,
,,,Operation Auto Parallel Source A,,,,,,,,,,,,,,,
,,,SrcA CB Waiting for Opened,,,,,,,,,,,,,,,
,,,SrcA Cooling Down,,,,,,,,,,,,,,,
,,,Operation Auto Inverter Only,,,,,,,,,,,,,,,
,,,SrcA Startup,,,,,,,,,,,,,,,
,,,Inv Source Tracking,,,,,,,,,,,,,,,
,,,SrcA CB Waiting for Closed,,,,,,,,,,,,,,,
,,,Operation Auto Inverter Only,,,,,,,,,,,,,,,
,,,IN10 Digital Input Emergency Stop DSP,,,,,,,,,,,,,,,
,,,Operation System Off,,,,,,,,,,,,,,,
,,,Operation System Off,,,,,,,,,,,,,,,
,,,SrcA CB Waiting for Opened,,,,,,,,,,,,,,,
,,,Inv CB Waiting for Opened,,,,,,,,,,,,,,,
,,,SrcA Cooling Down,,,,,,,,,,,,,,,
,,,SP99 Solar MPPT Min Chg Amps,,,,,,,,,,,,,,,
,,,SP99 Solar MPPT Min Chg Amps,,,,,,,,,,,,,,,
,,,SP99 Solar MPPT Min Chg Amps,,,,,,,,,,,,,,,
,,,SP99 Solar MPPT Min Chg Amps,,,,,,,,,,,,,,,
,,,SP99 Solar MPPT Min Chg Amps,,,,,,,,,,,,,,,
,,,SP99 Solar MPPT Min Chg Amps,,,,,,,,,,,,,,,
,,,SP99 Solar MPPT Min Chg Amps,,,,,,,,,,,,,,,
,,,SP99 Solar MPPT Min Chg Amps,,,,,,,,,,,,,,,
,,,SP99 Solar MPPT Min Chg Amps,,,,,,,,,,,,,,,
,,,SP99 Solar MPPT Min Chg Amps,,,,,,,,,,,,,,,
,,,SP99 Solar MPPT Min Chg Amps,,,,,,,,,,,,,,,
,,,SP99 Solar MPPT Min Chg Amps,,,,,,,,,,,,,,,
,,,SP99 Solar MPPT Min Chg Amps,,,,,,,,,,,,,,,
,,,SP99 Solar MPPT Min Chg Amps,,,,,,,,,,,,,,,
,,,HMI_Full_Auto,,,,,,,,,,,,,,,
,,,Operation Auto Inverter Only,,,,,,,,,,,,,,,
,,,Operation Auto Inverter Only,,,,,,,,,,,,,,,
,,,SrcA Startup,,,,,,,,,,,,,,,
,,,Inv CB Waiting for Closed,,,,,,,,,,,,,,,
,,,HMI_System_Off,,,,,,,,,,,,,,,
,,,Operation System Off,,,,,,,,,,,,,,,
,,,Operation System Off,,,,,,,,,,,,,,,
,,,Inv CB Waiting for Opened,,,,,,,,,,,,,,,
,,,SrcA Cooling Down,,,,,,,,,,,,,,,
,,,HMI_Full_Auto,,,,,,,,,,,,,,,
,,,Operation Auto Inverter Only,,,,,,,,,,,,,,,
,,,Inv CB Waiting for Closed,,,,,,,,,,,,,,,
,,,Operation Auto Inverter Only,,,,,,,,,,,,,,,
,,,Operation Auto Inverter Only,,,,,,,,,,,,,,,
,,,SrcA Cooling Down,,,,,,,,,,,,,,,
,,,Operation Auto Inverter Only,,,,,,,,,,,,,,,
,,,SrcA Startup,,,,,,,,,,,,,,,
,,,,,,,,,,,,,,,,,,
,,,Fault Action13,,,,,,,,,,,,,,,
,,,SrcA Cooling Down,,,,,,,,,,,,,,,
,,,Operation Auto Inverter Only,,,,,,,,,,,,,,,
,,,SrcA Startup,,,,,,,,,,,,,,,
,,,Inv Source Tracking,,,,,,,,,,,,,,,
,,,SrcA CB Waiting for Closed,,,,,,,,,,,,,,,
,,,Operation Auto Inverter Only,,,,,,,,,,,,,,,
,,,,,,,,,,,,,,,,,,
,,,Fault Action13,,,,,,,,,,,,,,,
,,,Operation Auto Parallel Source A,,,,,,,,,,,,,,,
,,,SrcA CB Waiting for Opened,,,,,,,,,,,,,,,
,,,SrcA Cooling Down,,,,,,,,,,,,,,,
,,,Operation Auto Inverter Only,,,,,,,,,,,,,,,
,,,SrcA Startup,,,,,,,,,,,,,,,
,,,Inv Source Tracking,,,,,,,,,,,,,,,
,,,SrcA CB Waiting for Closed,,,,,,,,,,,,,,,
,,,Operation Auto Inverter Only,,,,,,,,,,,,,,,
,,,,,,,,,,,,,,,,,,
,,,Fault Action13,,,,,,,,,,,,,,,
,,,Operation Auto Parallel Source A,,,,,,,,,,,,,,,
,,,SrcA CB Waiting for Opened,,,,,,,,,,,,,,,
,,,SrcA Cooling Down,,,,,,,,,,,,,,,
,,,Operation Auto Inverter Only,,,,,,,,,,,,,,,
,,,SrcA Startup,,,,,,,,,,,,,,,
,,,Inv Source Tracking,,,,,,,,,,,,,,,
,,,SrcA CB Waiting for Closed,,,,,,,,,,,,,,,
,,,Operation Auto Inverter Only,,,,,,,,,,,,,,,
,,,,,,,,,,,,,,,,,,
,,,Fault Action13,,,,,,,,,,,,,,,
,,,Operation Auto Parallel Source A,,,,,,,,,,,,,,,
,,,SrcA CB Waiting for Opened,,,,,,,,,,,,,,,
,,,SrcA Cooling Down,,,,,,,,,,,,,,,
,,,Operation Auto Inverter Only,,,,,,,,,,,,,,,
,,,SrcA Startup,,,,,,,,,,,,,,,
,,,Inv Source Tracking,,,,,,,,,,,,,,,
,,,SrcA CB Waiting for Closed,,,,,,,,,,,,,,,
,,,Operation Auto Inverter Only,,,,,,,,,,,,,,,
,,,,,,,,,,,,,,,,,,
,,,Fault Action13,,,,,,,,,,,,,,,
,,,Operation Auto Parallel Source A,,,,,,,,,,,,,,,
,,,SrcA CB Waiting for Opened,,,,,,,,,,,,,,,
,,,SrcA Cooling Down,,,,,,,,,,,,,,,
,,,Operation Auto Inverter Only,,,,,,,,,,,,,,,
,,,SrcA Startup,,,,,,,,,,,,,,,
,,,Inv Source Tracking,,,,,,,,,,,,,,,
,,,SrcA CB Waiting for Closed,,,,,,,,,,,,,,,
,,,Operation Auto Inverter Only,,,,,,,,,,,,,,,
,,,,,,,,,,,,,,,,,,
,,,Fault Action13,,,,,,,,,,,,,,,
,,,Operation Auto Parallel Source A,,,,,,,,,,,,,,,
,,,SrcA CB Waiting for Opened,,,,,,,,,,,,,,,
,,,SrcA Cooling Down,,,,,,,,,,,,,,,
,,,Operation Auto Inverter Only,,,,,,,,,,,,,,,
,,,SrcA Startup,,,,,,,,,,,,,,,
,,,Inv Source Tracking,,,,,,,,,,,,,,,
,,,SrcA CB Waiting for Closed,,,,,,,,,,,,,,,
,,,Operation Auto Inverter Only,,,,,,,,,,,,,,,
,,,IN10 Digital Input Emergency Stop DSP,,,,,,,,,,,,,,,
,,,Operation System Off,,,,,,,,,,,,,,,
,,,Operation System Off,,,,,,,,,,,,,,,
,,,SrcA CB Waiting for Opened,,,,,,,,,,,,,,,
,,,Inv CB Waiting for Opened,,,,,,,,,,,,,,,
,,,SrcA Cooling Down,,,,,,,,,,,,,,,
,,,HMI_Manual_Inverter,,,,,,,,,,,,,,,
,,,HMI_Manual_Inverter,,,,,,,,,,,,,,,
,,,Inv CB Waiting for Closed,,,,,,,,,,,,,,,
,,,HMI_Full_Auto,,,,,,,,,,,,,,,
,,,Operation Auto Inverter Only,,,,,,,,,,,,,,,
,,,SrcA Startup,,,,,,,,,,,,,,,
,,,Inv Source Tracking,,,,,,,,,,,,,,,
,,,SrcA CB Waiting for Closed,,,,,,,,,,,,,,,
,,,Operation Auto Inverter Only,,,,,,,,,,,,,,,
,,,,,,,,,,,,,,,,,,
,,,Fault Action13,,,,,,,,,,,,,,,
,,,Operation Auto Parallel Source A,,,,,,,,,,,,,,,
,,,SrcA CB Waiting for Opened,,,,,,,,,,,,,,,
,,,SrcA Cooling Down,,,,,,,,,,,,,,,
,,,Operation Auto Inverter Only,,,,,,,,,,,,,,,
,,,SrcA Startup,,,,,,,,,,,,,,,
,,,Inv Source Tracking,,,,,,,,,,,,,,,
,,,SrcA CB Waiting for Closed,,,,,,,,,,,,,,,
,,,Operation Auto Inverter Only,,,,,,,,,,,,,,,
,,,IN10 Digital Input Emergency Stop DSP,,,,,,,,,,,,,,,
,,,Operation System Off,,,,,,,,,,,,,,,
,,,Operation System Off,,,,,,,,,,,,,,,
,,,SrcA CB Waiting for Opened,,,,,,,,,,,,,,,
,,,Inv CB Waiting for Opened,,,,,,,,,,,,,,,
,,,SrcA Cooling Down,,,,,,,,,,,,,,,
,,,SP99 Solar MPPT Min Chg Amps,,,,,,,,,,,,,,,
,,,SP99 Solar MPPT Min Chg Amps,,,,,,,,,,,,,,,
,,,SP99 Solar MPPT Min Chg Amps,,,,,,,,,,,,,,,
,,,SP99 Solar MPPT Min Chg Amps,,,,,,,,,,,,,,,
,,,SP99 Solar MPPT Min Chg Amps,,,,,,,,,,,,,,,
,,,SP99 Solar MPPT Min Chg Amps,,,,,,,,,,,,,,,
,,,SP99 Solar MPPT Min Chg Amps,,,,,,,,,,,,,,,
,,,SP99 Solar MPPT Min Chg Amps,,,,,,,,,,,,,,,
,,,SP99 Solar MPPT Min Chg Amps,,,,,,,,,,,,,,,
,,,SP99 Solar MPPT Min Chg Amps,,,,,,,,,,,,,,,
,,,SP99 Solar MPPT Min Chg Amps,,,,,,,,,,,,,,,
,,,SP99 Solar MPPT Min Chg Amps,,,,,,,,,,,,,,,
,,,HMI_Full_Auto,,,,,,,,,,,,,,,
,,,Operation Auto Inverter Only,,,,,,,,,,,,,,,
,,,Operation Auto Inverter Only,,,,,,,,,,,,,,,
,,,SrcA Startup,,,,,,,,,,,,,,,
,,,Inv CB Waiting for Closed,,,,,,,,,,,,,,,
,,,Inv Source Tracking,,,,,,,,,,,,,,,
,,,SrcA CB Waiting for Closed,,,,,,,,,,,,,,,
,,,Operation Auto Inverter Only,,,,,,,,,,,,,,,
,,,SP99 Solar MPPT Min Chg Amps,,,,,,,,,,,,,,,
,,,,,,,,,,,,,,,,,,
,,,Fault Action13,,,,,,,,,,,,,,,
,,,Operation Auto Parallel Source A,,,,,,,,,,,,,,,
,,,SrcA CB Waiting for Opened,,,,,,,,,,,,,,,
,,,SrcA Cooling Down,,,,,,,,,,,,,,,
,,,Operation Auto Inverter Only,,,,,,,,,,,,,,,
,,,SrcA Startup,,,,,,,,,,,,,,,
,,,Inv Source Tracking,,,,,,,,,,,,,,,
,,,SrcA CB Waiting for Closed,,,,,,,,,,,,,,,
,,,Operation Auto Inverter Only,,,,,,,,,,,,,,,
,,,,,,,,,,,,,,,,,,
,,,Fault Action13,,,,,,,,,,,,,,,
,,,Operation Auto Parallel Source A,,,,,,,,,,,,,,,
,,,SrcA CB Waiting for Opened,,,,,,,,,,,,,,,
,,,SrcA Cooling Down,,,,,,,,,,,,,,,
,,,Operation Auto Inverter Only,,,,,,,,,,,,,,,
,,,SrcA Startup,,,,,,,,,,,,,,,
,,,Inv Source Tracking,,,,,,,,,,,,,,,
,,,SrcA CB Waiting for Closed,,,,,,,,,,,,,,,
,,,Operation Auto Inverter Only,,,,,,,,,,,,,,,
,,,,,,,,,,,,,,,,,,
,,,Fault Action13,,,,,,,,,,,,,,,
,,,Operation Auto Parallel Source A,,,,,,,,,,,,,,,
,,,SrcA CB Waiting for Opened,,,,,,,,,,,,,,,
,,,SrcA Cooling Down,,,,,,,,,,,,,,,
,,,Operation Auto Inverter Only,,,,,,,,,,,,,,,
,,,SrcA Startup,,,,,,,,,,,,,,,
,,,Inv Source Tracking,,,,,,,,,,,,,,,
,,,SrcA CB Waiting for Closed,,,,,,,,,,,,,,,
,,,Operation Auto Inverter Only,,,,,,,,,,,,,,,
,,,,,,,,,,,,,,,,,,
,,,Fault Action13,,,,,,,,,,,,,,,
,,,Operation Auto Parallel Source A,,,,,,,,,,,,,,,
,,,SrcA CB Waiting for Opened,,,,,,,,,,,,,,,
,,,SrcA Cooling Down,,,,,,,,,,,,,,,
,,,Operation Auto Inverter Only,,,,,,,,,,,,,,,
,,,SrcA Startup,,,,,,,,,,,,,,,
,,,Inv Source Tracking,,,,,,,,,,,,,,,
,,,SrcA CB Waiting for Closed,,,,,,,,,,,,,,,
,,,Operation Auto Inverter Only,,,,,,,,,,,,,,,
,,,,,,,,,,,,,,,,,,
,,,Fault Action13,,,,,,,,,,,,,,,
,,,Operation Auto Parallel Source A,,,,,,,,,,,,,,,
,,,SrcA CB Waiting for Opened,,,,,,,,,,,,,,,
,,,SrcA Cooling Down,,,,,,,,,,,,,,,
,,,Operation Auto Inverter Only,,,,,,,,,,,,,,,
,,,SrcA Startup,,,,,,,,,,,,,,,
,,,Inv Source Tracking,,,,,,,,,,,,,,,
,,,SrcA CB Waiting for Closed,,,,,,,,,,,,,,,
,,,Operation Auto Inverter Only,,,,,,,,,,,,,,,
,,,,,,,,,,,,,,,,,,
,,,Fault Action13,,,,,,,,,,,,,,,
,,,Operation Auto Parallel Source A,,,,,,,,,,,,,,,
,,,SrcA CB Waiting for Opened,,,,,,,,,,,,,,,
,,,SrcA Cooling Down,,,,,,,,,,,,,,,
,,,Operation Auto Inverter Only,,,,,,,,,,,,,,,
,,,SrcA Startup,,,,,,,,,,,,,,,
,,,Fault Action10,,,,,,,,,,,,,,,
,,,,,,,,,,,,,,,,,,
,,,Inv Source Tracking,,,,,,,,,,,,,,,
,,,SrcA CB Waiting for Closed,,,,,,,,,,,,,,,
,,,Operation Auto Inverter Only,,,,,,,,,,,,,,,
,,,,,,,,,,,,,,,,,,
,,,Fault Action13,,,,,,,,,,,,,,,
,,,Operation Auto Parallel Source A,,,,,,,,,,,,,,,
,,,SrcA CB Waiting for Opened,,,,,,,,,,,,,,,
,,,SrcA Cooling Down,,,,,,,,,,,,,,,
,,,Operation Auto Inverter Only,,,,,,,,,,,,,,,
,,,SrcA Startup,,,,,,,,,,,,,,,
,,,Inv Source Tracking,,,,,,,,,,,,,,,
,,,SrcA CB Waiting for Closed,,,,,,,,,,,,,,,
,,,Operation Auto Inverter Only,,,,,,,,,,,,,,,
,,,,,,,,,,,,,,,,,,
,,,Operation Auto Parallel Source A,,,,,,,,,,,,,,,
,,,SrcA CB Waiting for Opened,,,,,,,,,,,,,,,
,,,SrcA Cooling Down,,,,,,,,,,,,,,,
,,,Operation Auto Inverter Only,,,,,,,,,,,,,,,
,,,SrcA Startup,,,,,,,,,,,,,,,
,,,Inv Source Tracking,,,,,,,,,,,,,,,
,,,SrcA CB Waiting for Closed,,,,,,,,,,,,,,,
,,,Operation Auto Inverter Only,,,,,,,,,,,,,,,
,,,,,,,,,,,,,,,,,,
,,,Fault Action13,,,,,,,,,,,,,,,
,,,Operation Auto Parallel Source A,,,,,,,,,,,,,,,
,,,SrcA CB Waiting for Opened,,,,,,,,,,,,,,,
,,,SrcA Cooling Down,,,,,,,,,,,,,,,
,,,Operation Auto Inverter Only,,,,,,,,,,,,,,,
,,,SrcA Startup,,,,,,,,,,,,,,,
,,,Inv Source Tracking,,,,,,,,,,,,,,,
,,,SrcA CB Waiting for Closed,,,,,,,,,,,,,,,
,,,Operation Auto Inverter Only,,,,,,,,,,,,,,,
,,,,,,,,,,,,,,,,,,
,,,Fault Action13,,,,,,,,,,,,,,,
,,,Operation Auto Parallel Source A,,,,,,,,,,,,,,,
,,,SrcA CB Waiting for Opened,,,,,,,,,,,,,,,
,,,SrcA Cooling Down,,,,,,,,,,,,,,,
,,,Operation Auto Inverter Only,,,,,,,,,,,,,,,
,,,SrcA Startup,,,,,,,,,,,,,,,
,,,Inv Source Tracking,,,,,,,,,,,,,,,
,,,SrcA CB Waiting for Closed,,,,,,,,,,,,,,,
,,,Operation Auto Inverter Only,,,,,,,,,,,,,,,
,,,,,,,,,,,,,,,,,,
,,,Fault Action13,,,,,,,,,,,,,,,
,,,Operation Auto Parallel Source A,,,,,,,,,,,,,,,
,,,SrcA CB Waiting for Opened,,,,,,,,,,,,,,,
,,,SrcA Cooling Down,,,,,,,,,,,,,,,
,,,Operation Auto Inverter Only,,,,,,,,,,,,,,,
,,,SrcA Startup,,,,,,,,,,,,,,,
,,,Inv Source Tracking,,,,,,,,,,,,,,,
,,,SrcA CB Waiting for Closed,,,,,,,,,,,,,,,
,,,Operation Auto Inverter Only,,,,,,,,,,,,,,,
,,,,,,,,,,,,,,,,,,
,,,Fault Action13,,,,,,,,,,,,,,,
,,,Operation Auto Parallel Source A,,,,,,,,,,,,,,,
,,,SrcA CB Waiting for Opened,,,,,,,,,,,,,,,
,,,SrcA Cooling Down,,,,,,,,,,,,,,,
,,,Operation Auto Inverter Only,,,,,,,,,,,,,,,
,,,SrcA Startup,,,,,,,,,,,,,,,
,,,Inv Source Tracking,,,,,,,,,,,,,,,
,,,SrcA CB Waiting for Closed,,,,,,,,,,,,,,,
,,,Operation Auto Inverter Only,,,,,,,,,,,,,,,
,,,,,,,,,,,,,,,,,,
,,,Fault Action13,,,,,,,,,,,,,,,
,,,Operation Auto Parallel Source A,,,,,,,,,,,,,,,
,,,SrcA CB Waiting for Opened,,,,,,,,,,,,,,,
,,,SrcA Cooling Down,,,,,,,,,,,,,,,
,,,Operation Auto Inverter Only,,,,,,,,,,,,,,,
,,,SrcA Startup,,,,,,,,,,,,,,,
,,,Inv Source Tracking,,,,,,,,,,,,,,,
,,,SrcA CB Waiting for Closed,,,,,,,,,,,,,,,
,,,Operation Auto Inverter Only,,,,,,,,,,,,,,,
,,,IN10 Digital Input Emergency Stop DSP,,,,,,,,,,,,,,,
,,,Operation System Off,,,,,,,,,,,,,,,
,,,Operation System Off,,,,,,,,,,,,,,,
,,,Inv CB Waiting for Opened,,,,,,,,,,,,,,,
,,,SrcA CB Waiting for Opened,,,,,,,,,,,,,,,
,,,SrcA Cooling Down,,,,,,,,,,,,,,,
,,,SP99 Solar MPPT Min Chg Amps,,,,,,,,,,,,,,,
,,,HMI_Full_Auto,,,,,,,,,,,,,,,
,,,Operation Auto Inverter Only,,,,,,,,,,,,,,,
,,,Operation Auto Inverter Only,,,,,,,,,,,,,,,
,,,SrcA Startup,,,,,,,,,,,,,,,
,,,Inv CB Waiting for Closed,,,,,,,,,,,,,,,
,,,Inv Source Tracking,,,,,,,,,,,,,,,
,,,SrcA CB Waiting for Closed,,,,,,,,,,,,,,,
,,,Operation Auto Inverter Only,,,,,,,,,,,,,,,
,,,SP99 Solar MPPT Min Chg Amps,,,,,,,,,,,,,,,
,,,IN10 Digital Input Emergency Stop DSP,,,,,,,,,,,,,,,
,,,Operation System Off,,,,,,,,,,,,,,,
,,,Operation System Off,,,,,,,,,,,,,,,
,,,Inv CB Waiting for Opened,,,,,,,,,,,,,,,
,,,SrcA CB Waiting for Opened,,,,,,,,,,,,,,,
,,,SrcA Cooling Down,,,,,,,,,,,,,,,
,,,SP99 Solar MPPT Min Chg Amps,,,,,,,,,,,,,,,
,,,SP99 Solar MPPT Min Chg Amps,,,,,,,,,,,,,,,
,,,SP99 Solar MPPT Min Chg Amps,,,,,,,,,,,,,,,
,,,HMI_Full_Auto,,,,,,,,,,,,,,,
,,,Operation Auto Inverter Only,,,,,,,,,,,,,,,
,,,Operation Auto Inverter Only,,,,,,,,,,,,,,,
,,,SrcA Startup,,,,,,,,,,,,,,,
,,,Inv CB Waiting for Closed,,,,,,,,,,,,,,,
,,,Inv Source Tracking,,,,,,,,,,,,,,,
,,,SrcA CB Waiting for Closed,,,,,,,,,,,,,,,
,,,Operation Auto Inverter Only,,,,,,,,,,,,,,,
,,,SP99 Solar MPPT Min Chg Amps,,,,,,,,,,,,,,,
,,,HMI_Fault_Reset,,,,,,,,,,,,,,,
,,,SP99 Solar MPPT Min Chg Amps,,,,,,,,,,,,,,,
,,,SP99 Solar MPPT Min Chg Amps,,,,,,,,,,,,,,,
,,,SP99 Solar MPPT Min Chg Amps,,,,,,,,,,,,,,,
,,,,,,,,,,,,,,,,,,
,,,Fault Action13,,,,,,,,,,,,,,,
,,,Operation Auto Parallel Source A,,,,,,,,,,,,,,,
,,,SrcA CB Waiting for Opened,,,,,,,,,,,,,,,
,,,SrcA Cooling Down,,,,,,,,,,,,,,,
,,,Operation Auto Inverter Only,,,,,,,,,,,,,,,
,,,SrcA Startup,,,,,,,,,,,,,,,
,,,Inv Source Tracking,,,,,,,,,,,,,,,
,,,SrcA CB Waiting for Closed,,,,,,,,,,,,,,,
,,,Operation Auto Inverter Only,,,,,,,,,,,,,,,
,,,SP99 Solar MPPT Min Chg Amps,,,,,,,,,,,,,,,
,,,IN10 Digital Input Emergency Stop DSP,,,,,,,,,,,,,,,
,,,Operation System Off,,,,,,,,,,,,,,,
,,,Operation System Off,,,,,,,,,,,,,,,
,,,Inv CB Waiting for Opened,,,,,,,,,,,,,,,
,,,SrcA CB Waiting for Opened,,,,,,,,,,,,,,,
,,,SrcA Cooling Down,,,,,,,,,,,,,,,
,,,SP99 Solar MPPT Min Chg Amps,,,,,,,,,,,,,,,
,,,SP99 Solar MPPT Min Chg Amps,,,,,,,,,,,,,,,
,,,SP99 Solar MPPT Min Chg Amps,,,,,,,,,,,,,,,
,,,SP99 Solar MPPT Min Chg Amps,,,,,,,,,,,,,,,
,,,HMI_Full_Auto,,,,,,,,,,,,,,,
